time,SGC OUT TEMP,HPHT FSH FLTR DP-A,GF VSS PRESS TAP/ANSP DP,MP Steam Flow,MP STM DRUM IN FW FLW,MP Balance,Heat Duty,IG Load %,Demi Water Trans Pump Discharge Flow,Differential Pressure Gradient,SGC OUT TEMP MA 1D
2024-10-11 12:00:00,286.57,171.64,191.31,13.04,13.89,1.06,12459.36,80.03,0.26,-0.85,284.2675
2024-10-11 13:00:00,285.66,170.6,190.27,12.47,13.11,1.05,11814.45,78.23,91.53,-0.64,284.3033333
2024-10-11 14:00:00,290.51,175.35,214.5,14.22,14.34,1.01,12531.42,90.83,0.29,-0.12,284.38375
2024-10-11 15:00:00,285.86,169.08,204.24,13.04,14.27,1.09,12081.4,80.79,1.11,-1.23,284.6575
2024-10-11 16:00:00,286.99,171.88,209.06,13.29,13.77,1.04,12090.96,84.34,13.15,-0.48,284.8029167
2024-10-11 17:00:00,286.6,171.23,208.32,13.34,14.16,1.06,12424.85,84.61,84.33,-0.82,285.0475
2024-10-11 18:00:00,288.34,181.35,206.39,12.61,13.52,1.07,12026.1,83.79,84.91,-0.91,285.1204167
2024-10-11 19:00:00,286.28,173.8,209.73,12.88,13.55,1.05,12017.95,83.83,30.49,-0.67,285.3395833
2024-10-11 20:00:00,287.61,170.34,209.64,13.19,14.22,1.07,12338.63,83.55,0.23,-1.03,285.5970833
2024-10-11 21:00:00,289.51,171.68,206.07,12.94,13.68,1.06,12040.69,82.76,6.54,-0.74,285.8458333
2024-10-11 22:00:00,288.13,171.68,207.7,12.71,13.51,1.06,11896.86,82.77,85.21,-0.8,286.1025
2024-10-11 23:00:00,289.68,175.11,209.95,12.69,13.38,1.05,11663.94,82.7,95.18,-0.69,286.1870833
2024-10-12 00:00:00,289.65,176.24,206.47,12.52,13.37,1.07,11671.16,83.24,0.23,-0.85,286.2979167
2024-10-12 01:00:00,288.78,176.57,206.42,12.5,13.36,1.07,11154.07,82.87,0.23,-0.86,286.655
2024-10-12 02:00:00,289.84,178.16,204.61,12.23,13.15,1.08,11406.52,82.53,85.44,-0.92,286.7983333
2024-10-12 03:00:00,289.21,175.13,201.44,12.81,13.15,1.03,11423.72,84.98,102.36,-0.34,286.8995833
2024-10-12 04:00:00,292.98,180.44,197.81,12.65,13.53,1.07,11380.59,83.92,0.23,-0.88,287.13875
2024-10-12 05:00:00,291.53,178.69,195.88,12.63,13.22,1.04,11113.06,83.52,19.76,-0.59,287.6916667
2024-10-12 06:00:00,289.91,175.47,198.92,12.42,13.28,1.07,11453.65,83.41,95.46,-0.86,287.965
2024-10-12 07:00:00,290.26,178.75,201.22,12.32,13.65,1.1,11249.24,84.45,88.02,-1.33,288.0804167
2024-10-12 08:00:00,290.57,174.89,196.69,12.41,12.96,1.04,11035.85,82.0,85.96,-0.55,288.415
2024-10-12 09:00:00,293.75,173.52,193.44,12.46,13.0,1.04,11142.13,83.05,0.23,-0.54,288.8383333
2024-10-12 10:00:00,296.92,177.65,192.03,12.29,13.16,1.07,11277.0,82.13,0.24,-0.87,289.08625
2024-10-12 11:00:00,294.33,171.2,192.84,12.3,13.14,1.07,11212.89,82.75,82.71,-0.84,289.3795833
2024-10-12 12:00:00,294.11,172.55,194.89,12.32,13.33,1.08,11202.48,84.23,82.9,-1.01,289.56125
2024-10-12 13:00:00,297.43,176.42,186.87,12.76,13.49,1.06,11389.1,82.87,0.27,-0.73,289.8754167
2024-10-12 14:00:00,296.83,176.11,189.29,12.79,13.46,1.05,11287.28,83.85,0.29,-0.67,290.3658333
2024-10-12 15:00:00,293.48,177.36,195.83,12.43,13.12,1.05,11210.16,83.68,83.64,-0.69,290.6291667
2024-10-12 16:00:00,294.95,179.21,190.24,12.71,13.19,1.04,11464.47,83.82,83.09,-0.48,290.9466667
2024-10-12 17:00:00,298.79,182.18,190.13,12.67,13.67,1.08,11377.75,84.34,10.59,-1.0,291.2783333
2024-10-12 18:00:00,296.35,183.66,187.57,12.75,13.5,1.06,11436.36,82.53,0.24,-0.75,291.78625
2024-10-12 19:00:00,292.85,181.36,198.08,12.46,13.47,1.09,11566.93,83.36,7.5,-1.01,292.12
2024-10-12 20:00:00,294.9,179.94,200.07,12.64,13.52,1.07,11436.27,83.71,82.63,-0.88,292.39375
2024-10-12 21:00:00,293.45,179.29,199.06,12.86,13.43,1.05,11626.51,83.74,91.14,-0.57,292.6975
2024-10-12 22:00:00,293.78,173.75,199.93,12.96,13.72,1.06,11291.92,83.91,0.22,-0.76,292.8616667
2024-10-12 23:00:00,295.94,179.21,197.28,13.01,13.57,1.04,11426.7,84.31,0.23,-0.56,293.0970833
2024-10-13 00:00:00,293.29,174.03,201.34,12.67,13.58,1.08,11553.7,84.0,90.05,-0.91,293.3579167
2024-10-13 01:00:00,294.82,173.1,202.48,13.15,13.79,1.05,11406.2,83.54,85.7,-0.64,293.5095833
2024-10-13 02:00:00,293.85,176.48,196.22,12.88,13.74,1.07,11686.69,83.08,2.1,-0.86,293.76125
2024-10-13 03:00:00,291.32,174.12,203.56,12.73,13.48,1.06,11523.48,84.41,1.73,-0.75,293.9283333
2024-10-13 04:00:00,295.86,172.69,201.32,13.19,13.85,1.05,11356.13,83.94,57.61,-0.66,294.01625
2024-10-13 05:00:00,295.11,174.86,196.85,13.09,13.71,1.05,11587.12,83.95,81.65,-0.62,294.13625
2024-10-13 06:00:00,291.75,174.71,204.52,12.67,13.86,1.09,11166.15,84.17,94.91,-1.19,294.2854167
2024-10-13 07:00:00,292.26,173.38,205.05,12.98,13.66,1.05,11142.29,83.83,0.57,-0.68,294.3620833
2024-10-13 08:00:00,294.86,177.7,199.8,12.93,13.98,1.08,11462.63,82.9,19.0,-1.05,294.4454167
2024-10-13 09:00:00,293.32,178.72,201.02,12.72,13.42,1.06,11057.7,84.3,86.15,-0.7,294.6241667
2024-10-13 10:00:00,294.34,177.71,202.11,12.89,13.87,1.1,11378.75,83.68,87.73,-0.98,294.60625
2024-10-13 11:00:00,293.88,182.33,194.88,12.68,13.77,1.08,11406.62,82.25,0.23,-1.09,294.49875
2024-10-13 12:00:00,292.1,178.29,193.81,13.02,13.48,1.04,11645.94,84.03,4.3,-0.46,294.48
2024-10-13 13:00:00,295.59,180.05,188.36,13.23,13.99,1.05,11719.0,83.16,0.87,-0.76,294.39625
2024-10-13 14:00:00,290.85,182.84,195.04,13.04,13.78,1.06,11981.24,82.68,85.16,-0.74,294.3195833
2024-10-13 15:00:00,291.07,178.0,192.83,13.05,13.85,1.06,11588.69,83.93,84.98,-0.8,294.0704167
2024-10-13 16:00:00,294.43,177.09,187.13,13.27,14.14,1.07,11926.45,83.46,0.24,-0.87,293.97
2024-10-13 17:00:00,293.52,176.0,189.84,13.16,13.94,1.06,11592.02,83.57,10.76,-0.78,293.9483333
2024-10-13 18:00:00,290.73,173.65,189.54,13.15,14.08,1.07,11520.07,82.9,84.71,-0.93,293.72875
2024-10-13 19:00:00,293.86,172.08,191.53,13.56,14.43,1.07,11627.97,85.23,85.34,-0.87,293.4945833
2024-10-13 20:00:00,294.74,175.03,191.7,13.53,14.53,1.08,11844.03,83.78,0.22,-1.0,293.5366667
2024-10-13 21:00:00,291.79,173.08,193.6,13.69,14.34,1.05,11506.97,82.69,0.44,-0.65,293.53
2024-10-13 22:00:00,291.9,174.27,199.23,13.34,14.21,1.06,11720.82,83.63,85.49,-0.87,293.4608333
2024-10-13 23:00:00,297.27,176.04,194.28,13.55,14.35,1.06,11494.18,83.68,85.81,-0.8,293.3825
2024-10-14 00:00:00,299.44,177.63,184.99,13.74,14.31,1.04,11519.41,84.16,86.68,-0.57,293.4379167
2024-10-14 01:00:00,294.57,176.47,192.27,13.47,14.29,1.06,11515.06,83.79,3.0,-0.82,293.6941667
2024-10-14 02:00:00,294.52,178.01,190.54,13.42,14.22,1.06,11554.28,83.05,3.42,-0.8,293.68375
2024-10-14 03:00:00,299.04,178.78,187.04,13.43,13.67,1.03,11602.82,83.59,91.54,-0.24,293.7116667
2024-10-14 04:00:00,301.1,186.08,185.2,13.23,14.31,1.08,11468.58,82.73,85.87,-1.08,294.0333333
2024-10-14 05:00:00,294.95,182.63,188.75,13.16,14.08,1.07,11308.73,82.29,31.41,-0.92,294.2516667
2024-10-14 06:00:00,298.1,182.35,188.93,13.6,14.39,1.06,11458.3,83.73,11.76,-0.79,294.245
2024-10-14 07:00:00,296.29,179.22,190.37,13.69,14.25,1.04,11169.15,83.23,104.2,-0.56,294.5095833
2024-10-14 08:00:00,294.79,173.45,191.9,13.45,14.44,1.08,11596.43,83.2,86.0,-0.99,294.6775
2024-10-14 09:00:00,297.3,173.15,180.64,13.07,13.63,1.04,11145.15,78.34,109.63,-0.56,294.6745833
2024-10-14 10:00:00,295.42,172.47,183.17,13.27,14.11,1.07,11341.75,80.96,0.23,-0.84,294.8404167
2024-10-14 11:00:00,293.67,169.99,177.63,12.53,13.61,1.09,11566.06,71.84,14.95,-1.08,294.8854167
2024-10-14 12:00:00,298.59,179.74,187.74,13.77,14.21,1.03,11269.71,86.2,83.23,-0.44,294.8766667
2024-10-14 13:00:00,295.77,173.27,189.48,13.25,14.1,1.06,11130.09,83.08,86.66,-0.85,295.1470833
2024-10-14 14:00:00,296.36,172.44,183.9,13.27,14.12,1.06,11436.88,80.07,0.23,-0.85,295.1545833
2024-10-14 15:00:00,295.8,178.31,189.94,13.11,14.33,1.1,11441.86,82.8,13.07,-1.22,295.3841667
2024-10-14 16:00:00,296.62,178.11,185.39,12.54,13.58,1.09,10821.05,78.88,99.26,-1.04,295.58125
2024-10-14 17:00:00,295.25,181.51,185.23,12.3,13.51,1.1,10986.81,79.08,81.32,-1.21,295.6725
2024-10-14 18:00:00,296.09,178.94,189.56,12.96,13.88,1.08,11321.26,80.98,0.22,-0.92,295.7445833
2024-10-14 19:00:00,299.68,178.14,182.09,12.91,13.88,1.07,11080.12,79.68,0.22,-0.97,295.9679167
2024-10-14 20:00:00,298.05,178.29,188.18,12.63,14.33,1.13,11149.99,81.9,3.58,-1.7,296.2104167
2024-10-14 21:00:00,296.38,174.16,174.46,11.7,13.08,1.11,11165.0,70.7,94.46,-1.38,296.3483333
2024-10-14 22:00:00,296.23,172.62,183.91,12.83,13.76,1.07,11380.92,78.51,22.58,-0.93,296.5395833
2024-10-14 23:00:00,295.72,179.86,200.0,14.39,14.89,1.04,11700.93,88.06,0.22,-0.5,296.72
2024-10-15 00:00:00,294.55,172.36,189.26,12.75,13.84,1.08,11255.38,81.92,17.8,-1.09,296.6554167
2024-10-15 01:00:00,300.57,172.49,180.64,13.52,14.81,1.09,11830.93,77.87,76.02,-1.29,296.4516667
2024-10-15 02:00:00,292.72,172.78,191.85,13.72,14.45,1.06,11573.35,81.64,75.91,-0.73,296.7016667
2024-10-15 03:00:00,296.58,175.12,183.32,13.96,14.75,1.06,11554.78,84.28,0.22,-0.79,296.6266667
2024-10-15 04:00:00,298.35,174.37,174.25,13.01,14.36,1.1,11306.62,76.48,5.96,-1.35,296.5241667
2024-10-15 05:00:00,294.03,177.0,194.98,13.48,14.02,1.04,11298.49,86.95,74.76,-0.54,296.4095833
2024-10-15 06:00:00,298.76,175.24,199.04,13.47,14.8,1.1,11430.42,86.36,114.41,-1.33,296.37125
2024-10-15 07:00:00,294.73,175.43,185.41,12.8,14.11,1.1,11527.92,77.37,0.22,-1.31,296.39875
2024-10-15 08:00:00,293.15,172.39,194.22,12.96,14.05,1.08,11620.73,81.4,0.23,-1.09,296.33375
2024-10-15 09:00:00,296.4,173.05,191.91,12.97,14.21,1.09,11481.23,80.42,79.7,-1.24,296.2654167
2024-10-15 10:00:00,295.54,175.69,188.4,12.86,13.99,1.09,11279.17,80.92,89.99,-1.13,296.2279167
2024-10-15 11:00:00,292.26,167.09,174.35,12.36,13.25,1.08,11261.29,71.58,89.78,-0.89,296.2329167
2024-10-15 12:00:00,292.7,173.71,191.67,12.46,13.05,1.05,11060.8,83.26,0.23,-0.59,296.1741667
2024-10-15 13:00:00,295.74,171.15,184.88,13.98,14.45,1.03,11245.86,83.0,0.23,-0.47,295.92875
2024-10-15 14:00:00,293.53,176.62,182.31,12.27,13.71,1.11,11292.0,78.82,0.24,-1.44,295.9275
2024-10-15 15:00:00,292.38,171.47,178.32,12.45,13.5,1.08,11127.48,76.32,82.91,-1.05,295.8095833
2024-10-15 16:00:00,294.46,173.85,182.13,12.52,13.5,1.08,10926.35,77.45,82.61,-0.98,295.6670833
2024-10-15 17:00:00,292.8,176.37,185.61,12.4,13.75,1.11,11124.06,77.33,13.69,-1.35,295.5770833
2024-10-15 18:00:00,294.75,173.29,184.36,13.05,14.13,1.08,11322.0,80.38,5.43,-1.08,295.475
2024-10-15 19:00:00,292.26,172.9,187.01,12.91,13.97,1.08,11178.73,80.05,24.09,-1.06,295.4191667
2024-10-15 20:00:00,296.18,174.34,184.4,13.34,14.26,1.07,11112.87,79.52,81.83,-0.92,295.11
2024-10-15 21:00:00,296.67,173.38,172.82,12.59,13.95,1.11,11048.29,74.48,75.21,-1.36,295.0320833
2024-10-15 22:00:00,293.6,174.16,183.91,14.05,14.63,1.04,11371.61,81.17,12.56,-0.58,295.0441667
2024-10-15 23:00:00,294.35,172.02,178.26,13.87,14.74,1.07,11294.86,80.08,8.35,-0.87,294.9345833
2024-10-16 00:00:00,294.44,173.74,171.39,13.3,14.52,1.09,11118.1,75.39,75.35,-1.22,294.8775
2024-10-16 01:00:00,295.84,174.3,176.4,14.04,15.34,1.09,11427.51,81.0,76.15,-1.3,294.8729167
2024-10-16 02:00:00,296.89,173.68,173.28,13.49,14.78,1.09,11184.78,77.86,20.55,-1.29,294.6758333
2024-10-16 03:00:00,300.43,181.62,187.64,14.48,15.43,1.06,11140.47,87.89,10.33,-0.95,294.8495833
2024-10-16 04:00:00,294.07,168.96,179.45,13.81,14.85,1.08,11412.82,77.45,18.67,-1.04,295.01
2024-10-16 05:00:00,297.84,173.33,177.18,13.82,14.91,1.07,11652.5,77.41,80.7,-1.09,294.8316667
2024-10-16 06:00:00,300.38,177.59,181.73,14.72,15.69,1.07,11543.19,84.48,99.5,-0.97,294.9904167
2024-10-16 07:00:00,292.09,176.65,187.29,13.54,14.19,1.05,11142.15,84.13,0.23,-0.65,295.0579167
2024-10-16 08:00:00,286.37,168.16,193.94,13.63,14.53,1.07,11586.18,81.57,0.22,-0.9,294.9479167
2024-10-16 09:00:00,285.64,167.92,191.58,12.61,14.28,1.13,11832.95,76.87,98.98,-1.67,294.6654167
2024-10-16 10:00:00,284.37,165.48,198.56,13.76,14.71,1.06,11663.96,78.39,160.8,-0.95,294.2170833
2024-10-16 11:00:00,283.36,163.51,196.03,12.99,14.51,1.11,11735.14,76.26,81.49,-1.52,293.7516667
2024-10-16 12:00:00,285.17,168.34,207.16,13.79,14.67,1.06,11494.93,80.84,0.24,-0.88,293.3808333
2024-10-16 13:00:00,289.47,166.46,192.37,13.29,14.24,1.08,11458.72,74.88,18.0,-0.95,293.0670833
2024-10-16 14:00:00,291.26,169.58,192.15,13.75,14.65,1.07,11733.07,78.91,85.68,-0.9,292.8058333
2024-10-16 15:00:00,286.74,170.13,197.98,13.46,14.66,1.1,11492.6,79.33,92.33,-1.2,292.71125
2024-10-16 16:00:00,284.4,167.99,196.11,12.94,13.88,1.07,11249.13,77.52,12.13,-0.94,292.47625
2024-10-16 17:00:00,290.28,171.24,196.51,13.8,14.64,1.06,11751.73,78.92,24.41,-0.84,292.0570833
2024-10-16 18:00:00,291.44,171.97,188.51,13.01,14.2,1.09,11097.35,75.78,97.06,-1.19,291.9520833
2024-10-16 19:00:00,288.67,173.09,193.25,12.59,13.89,1.1,10918.97,76.49,84.16,-1.3,291.8141667
2024-10-16 20:00:00,286.06,171.64,201.79,13.37,14.43,1.08,11075.85,79.99,100.58,-1.06,291.6645833
2024-10-16 21:00:00,289.47,173.91,200.71,13.37,14.38,1.08,11019.71,79.2,10.67,-1.01,291.2429167
2024-10-16 22:00:00,292.52,171.36,186.35,13.43,14.68,1.1,11182.72,75.17,15.0,-1.25,290.9429167
2024-10-16 23:00:00,293.28,169.45,177.31,13.52,14.39,1.06,10934.61,73.98,99.84,-0.87,290.8979167
2024-10-17 00:00:00,292.32,169.37,177.84,12.79,14.2,1.11,11053.89,74.8,82.87,-1.41,290.8533333
2024-10-17 01:00:00,291.41,171.46,182.7,13.73,14.82,1.08,11381.11,81.26,10.07,-1.09,290.765
2024-10-17 02:00:00,295.46,172.65,187.96,13.96,15.7,1.12,11320.95,82.17,16.62,-1.74,290.5804167
2024-10-17 03:00:00,286.17,161.33,188.9,13.17,14.58,1.1,11458.04,73.9,61.87,-1.41,290.5208333
2024-10-17 04:00:00,287.13,166.41,200.52,13.81,15.22,1.11,11331.25,81.88,82.31,-1.41,289.9266667
2024-10-17 05:00:00,291.69,165.07,187.72,13.89,15.19,1.09,11729.58,77.82,83.49,-1.3,289.6375
2024-10-17 06:00:00,293.03,164.2,181.51,13.82,15.26,1.1,11950.48,76.48,9.62,-1.44,289.38125
2024-10-17 07:00:00,294.56,164.29,181.54,14.05,15.3,1.08,11867.43,78.53,9.88,-1.25,289.075
2024-10-17 08:00:00,286.45,163.91,188.34,13.88,14.95,1.08,11590.75,77.76,97.31,-1.07,289.1779167
2024-10-17 09:00:00,284.09,162.34,192.42,13.59,14.38,1.06,11529.89,77.01,82.65,-0.79,289.18125
2024-10-17 10:00:00,291.38,161.6,177.83,13.62,15.31,1.12,11932.89,71.38,28.96,-1.69,289.1166667
2024-10-17 11:00:00,289.85,166.93,178.71,13.31,14.46,1.08,11779.4,75.38,0.25,-1.15,289.40875
2024-10-17 12:00:00,285.32,165.48,185.85,13.57,14.37,1.07,11416.67,77.9,17.72,-0.8,289.6791667
2024-10-17 13:00:00,288.83,166.02,177.52,12.65,14.51,1.14,11343.41,71.58,85.02,-1.86,289.6854167
2024-10-17 14:00:00,289.69,165.34,177.11,12.03,13.69,1.14,10721.02,71.65,82.69,-1.66,289.65875
2024-10-17 15:00:00,286.53,166.22,183.85,12.79,14.44,1.13,10819.07,76.42,0.28,-1.65,289.5933333
2024-10-17 16:00:00,291.64,163.53,172.56,12.68,14.0,1.11,10885.57,71.02,0.27,-1.32,289.5845833
2024-10-17 17:00:00,289.54,162.25,180.99,12.88,14.45,1.12,11227.28,74.02,75.55,-1.57,289.88625
2024-10-17 18:00:00,289.34,167.07,187.87,13.63,14.59,1.07,11352.61,80.17,75.98,-0.96,289.8554167
2024-10-17 19:00:00,291.72,162.92,175.36,13.43,14.78,1.1,11260.06,74.36,75.27,-1.35,289.7679167
2024-10-17 20:00:00,290.57,162.05,176.4,14.34,15.34,1.07,11577.11,77.61,2.3,-1.0,289.895
2024-10-17 21:00:00,286.22,161.92,184.51,13.57,14.48,1.06,11388.37,76.99,7.03,-0.91,290.0829167
2024-10-17 22:00:00,285.07,163.5,193.3,13.52,14.53,1.07,11116.04,80.1,77.53,-1.01,289.9475
2024-10-17 23:00:00,291.41,162.78,186.43,13.9,15.12,1.08,11300.02,78.33,76.93,-1.22,289.6370833
2024-10-18 00:00:00,287.42,160.85,187.46,13.81,14.6,1.07,11447.85,77.16,7.98,-0.79,289.5591667
2024-10-18 01:00:00,287.29,161.28,193.1,13.84,14.84,1.07,11564.67,77.93,0.22,-1.0,289.355
2024-10-18 02:00:00,288.12,163.19,185.0,13.4,14.87,1.11,11733.51,74.03,76.76,-1.47,289.1833333
2024-10-18 03:00:00,286.08,165.98,204.55,15.13,16.06,1.06,12274.07,84.19,77.25,-0.93,288.8775
2024-10-18 04:00:00,289.12,166.52,193.75,14.68,15.76,1.07,12114.0,79.03,8.6,-1.08,288.87375
2024-10-18 05:00:00,283.48,165.09,200.86,14.74,15.62,1.06,12317.7,81.1,0.22,-0.88,288.9566667
2024-10-18 06:00:00,281.33,164.43,198.79,14.2,15.08,1.06,11984.97,79.62,3.15,-0.88,288.6145833
2024-10-18 07:00:00,285.87,164.13,189.29,14.16,15.66,1.1,12737.46,74.12,75.01,-1.5,288.1270833
2024-10-18 08:00:00,286.11,172.07,200.67,14.85,15.79,1.06,12005.79,83.85,75.46,-0.94,287.765
2024-10-18 09:00:00,290.42,173.24,199.2,14.38,16.62,1.15,12375.83,80.3,22.72,-2.24,287.7508333
2024-10-18 10:00:00,285.9,172.68,197.12,13.7,14.82,1.08,11720.0,75.08,4.23,-1.12,288.0145833
2024-10-18 11:00:00,291.01,173.18,201.98,13.75,15.1,1.1,11857.99,78.98,84.88,-1.35,287.78625
2024-10-18 12:00:00,285.33,177.41,213.27,14.1,14.92,1.06,11727.74,83.99,75.99,-0.82,287.8345833
2024-10-18 13:00:00,291.0,174.46,201.14,14.17,15.29,1.08,11873.52,79.17,7.41,-1.12,287.835
2024-10-18 14:00:00,281.83,172.53,202.77,13.27,14.43,1.09,11590.47,79.08,0.22,-1.16,287.9254167
2024-10-18 15:00:00,287.55,181.37,213.69,14.18,15.13,1.07,12019.85,82.42,85.21,-0.95,287.5979167
2024-10-18 16:00:00,287.42,177.58,195.88,13.23,14.42,1.09,12043.25,74.82,77.39,-1.19,287.6404167
2024-10-18 17:00:00,287.41,189.86,217.42,13.74,14.06,1.03,11911.92,88.95,0.22,-0.32,287.4645833
2024-10-18 18:00:00,287.33,181.2,202.7,13.09,14.44,1.1,11936.93,78.27,0.22,-1.35,287.3758333
2024-10-18 19:00:00,289.44,176.2,202.87,13.28,14.54,1.1,11911.64,77.94,0.22,-1.26,287.2920833
2024-10-18 20:00:00,291.11,179.16,194.79,13.28,14.36,1.08,11871.16,77.85,79.75,-1.08,287.1970833
2024-10-18 21:00:00,288.25,178.54,204.48,13.69,14.64,1.07,12037.46,83.63,79.3,-0.95,287.2195833
2024-10-18 22:00:00,289.3,173.28,195.55,13.71,15.08,1.09,12068.01,80.56,5.13,-1.37,287.3041667
2024-10-18 23:00:00,292.49,174.36,190.23,14.25,15.71,1.1,12342.22,78.66,12.7,-1.46,287.4804167
2024-10-19 00:00:00,288.29,176.32,199.75,13.76,14.98,1.09,12127.59,81.17,80.26,-1.22,287.5254167
2024-10-19 01:00:00,289.97,176.55,197.2,13.6,14.6,1.07,11697.35,78.89,85.83,-1.0,287.5616667
2024-10-19 02:00:00,294.69,178.65,190.09,13.88,15.31,1.11,11998.22,80.67,8.06,-1.43,287.6733333
2024-10-19 03:00:00,294.42,175.39,182.99,13.92,15.35,1.11,11819.01,78.4,0.23,-1.43,287.9470833
2024-10-19 04:00:00,295.38,180.46,187.43,14.27,15.14,1.07,11955.07,82.64,5.34,-0.87,288.2945833
2024-10-19 05:00:00,294.4,189.42,183.38,13.16,14.61,1.1,11947.11,77.86,75.2,-1.45,288.5554167
2024-10-19 06:00:00,287.05,190.62,209.26,13.57,14.41,1.06,11621.97,87.7,76.02,-0.84,289.0104167
2024-10-19 07:00:00,290.24,179.3,198.96,13.59,14.85,1.09,11566.0,82.33,10.75,-1.26,289.24875
2024-10-19 08:00:00,292.59,179.76,189.15,13.27,14.36,1.08,11316.92,80.79,0.22,-1.09,289.4308333
2024-10-19 09:00:00,296.12,179.03,175.01,12.75,14.34,1.12,11025.72,72.9,79.43,-1.59,289.7008333
2024-10-19 10:00:00,298.26,183.73,186.55,13.55,14.68,1.09,11146.2,82.11,75.0,-1.13,289.9383333
2024-10-19 11:00:00,291.57,177.86,181.28,12.63,14.06,1.11,11504.55,72.61,106.19,-1.43,290.4533333
2024-10-19 12:00:00,293.65,185.26,185.94,13.32,14.33,1.07,11309.26,79.98,0.23,-1.01,290.4766667
2024-10-19 13:00:00,297.38,184.61,181.71,13.51,14.67,1.09,11473.37,78.79,0.24,-1.16,290.8233333
2024-10-19 14:00:00,297.4,186.05,181.56,13.68,14.41,1.06,11552.24,81.22,78.21,-0.73,291.0891667
2024-10-19 15:00:00,288.16,184.96,188.24,12.73,14.15,1.11,11506.65,77.38,104.7,-1.42,291.7379167
2024-10-19 16:00:00,290.25,178.08,181.76,13.35,14.01,1.05,11537.55,76.5,0.5,-0.66,291.7633333
2024-10-19 17:00:00,294.13,185.87,185.33,13.51,14.92,1.11,11753.94,80.99,0.22,-1.41,291.88125
2024-10-19 18:00:00,295.67,182.64,178.85,13.5,14.76,1.09,11899.52,77.98,8.7,-1.26,292.16125
2024-10-19 19:00:00,287.33,184.33,187.77,12.44,13.94,1.12,11288.23,75.04,93.19,-1.5,292.50875
2024-10-19 20:00:00,287.62,178.61,189.92,12.96,13.94,1.08,11322.12,75.76,79.31,-0.98,292.4208333
2024-10-19 21:00:00,291.24,182.39,192.04,13.64,14.69,1.08,11508.26,82.98,0.23,-1.05,292.2754167
2024-10-19 22:00:00,287.68,186.78,205.19,13.45,14.92,1.11,11658.98,82.17,0.22,-1.47,292.4
2024-10-19 23:00:00,288.39,174.36,195.45,13.27,14.41,1.09,11094.24,76.47,74.85,-1.14,292.3325
2024-10-20 00:00:00,290.13,179.85,193.23,13.3,14.35,1.08,11284.46,80.73,85.92,-1.05,292.1616667
2024-10-20 01:00:00,283.88,177.04,190.53,12.62,14.3,1.13,11572.02,72.15,0.23,-1.68,292.2383333
2024-10-20 02:00:00,286.05,180.56,205.08,13.05,14.29,1.09,11420.01,82.45,0.23,-1.24,291.9845833
2024-10-20 03:00:00,287.77,183.55,196.66,13.06,14.25,1.09,11572.49,79.25,18.76,-1.19,291.6245833
2024-10-20 04:00:00,283.22,183.81,199.79,12.51,13.42,1.07,11020.2,77.63,74.85,-0.91,291.3475
2024-10-20 05:00:00,287.84,180.28,198.28,13.45,14.31,1.07,11623.67,80.2,74.8,-0.86,290.8408333
2024-10-20 06:00:00,290.32,186.22,188.99,12.93,14.46,1.12,11654.98,76.34,17.84,-1.53,290.5675
2024-10-20 07:00:00,284.25,191.97,209.21,13.68,14.54,1.06,11293.65,86.71,6.4,-0.86,290.70375
2024-10-20 08:00:00,283.19,179.15,202.77,13.26,14.44,1.09,11444.6,79.26,75.56,-1.18,290.4541667
2024-10-20 09:00:00,282.89,187.72,203.44,12.66,13.42,1.06,11057.58,78.4,79.29,-0.76,290.0625
2024-10-20 10:00:00,283.73,193.85,217.62,14.09,14.68,1.04,11606.43,88.79,0.23,-0.59,289.51125
2024-10-20 11:00:00,285.07,189.96,213.91,13.92,15.12,1.08,12115.37,90.57,0.23,-1.2,288.9058333
2024-10-20 12:00:00,288.71,182.26,196.29,13.27,14.52,1.09,11933.17,78.63,0.23,-1.25,288.635
2024-10-20 13:00:00,279.59,175.07,197.77,12.55,13.68,1.09,11822.5,74.31,79.87,-1.13,288.4291667
2024-10-20 14:00:00,281.13,178.21,200.85,13.1,13.76,1.05,11870.25,75.35,79.78,-0.66,287.6879167
2024-10-20 15:00:00,285.32,181.26,208.32,13.61,14.48,1.06,12134.38,85.13,0.26,-0.87,287.01
2024-10-20 16:00:00,287.72,173.3,190.97,13.17,14.8,1.11,11716.83,75.02,0.43,-1.63,286.8916667
2024-10-20 17:00:00,286.92,180.63,190.04,12.6,14.13,1.12,11490.74,76.3,96.64,-1.53,286.78625
2024-10-20 18:00:00,287.05,185.23,194.05,13.09,13.85,1.05,11362.01,81.03,75.9,-0.76,286.4858333
2024-10-20 19:00:00,287.18,180.37,181.69,12.29,13.84,1.13,11553.45,73.75,0.23,-1.55,286.1266667
2024-10-20 20:00:00,283.33,183.3,188.86,12.32,13.73,1.12,11455.75,76.53,4.31,-1.41,286.1204167
2024-10-20 21:00:00,287.08,191.64,190.65,13.02,14.34,1.1,11672.67,78.68,0.23,-1.32,285.9416667
2024-10-20 22:00:00,285.98,181.99,184.8,12.81,14.09,1.11,11862.61,77.53,74.15,-1.28,285.7683333
2024-10-20 23:00:00,280.93,179.21,198.24,13.21,14.22,1.08,12212.59,81.46,79.0,-1.01,285.6975
2024-10-21 00:00:00,284.64,177.53,190.86,13.14,14.27,1.09,11970.42,76.08,5.33,-1.13,285.3866667
2024-10-21 01:00:00,285.66,180.87,188.02,12.41,13.68,1.1,11748.84,75.71,8.48,-1.27,285.1579167
2024-10-21 02:00:00,287.94,176.67,183.73,12.85,13.96,1.09,12038.19,73.64,72.55,-1.11,285.2320833
2024-10-21 03:00:00,286.6,179.49,185.59,12.57,14.21,1.13,11972.07,75.5,81.37,-1.64,285.3108333
2024-10-21 04:00:00,285.67,178.65,183.32,12.54,13.4,1.07,11800.87,75.82,0.23,-0.86,285.2620833
2024-10-21 05:00:00,289.43,177.03,184.47,13.83,14.68,1.07,11948.83,76.98,12.38,-0.85,285.3641667
2024-10-21 06:00:00,288.61,183.8,183.78,12.51,14.21,1.14,11920.44,71.81,37.92,-1.7,285.4304167
2024-10-21 07:00:00,283.31,173.85,202.44,13.12,14.53,1.09,12266.73,79.02,86.87,-1.41,285.3591667
2024-10-21 08:00:00,286.29,187.22,202.44,13.36,14.37,1.08,12138.36,82.99,73.83,-1.01,285.32
2024-10-21 09:00:00,282.92,182.66,192.01,11.99,13.67,1.14,11902.72,72.25,15.25,-1.68,285.4491667
2024-10-21 10:00:00,283.6,185.03,203.62,12.89,13.56,1.05,11715.11,77.01,0.23,-0.67,285.4504167
2024-10-21 11:00:00,288.12,178.99,189.07,12.4,14.17,1.14,11936.25,72.86,89.64,-1.77,285.445
2024-10-21 12:00:00,286.79,193.22,212.44,13.31,13.88,1.04,11748.98,89.3,79.68,-0.57,285.5720833
2024-10-21 13:00:00,284.2,183.47,194.33,11.44,13.35,1.17,11487.04,74.58,59.54,-1.91,285.4920833
2024-10-21 14:00:00,285.92,177.07,191.54,12.02,13.1,1.1,11357.05,74.05,0.23,-1.08,285.6841667
2024-10-21 15:00:00,290.2,186.67,187.57,12.46,13.78,1.1,11403.26,78.2,77.82,-1.32,285.88375
2024-10-21 16:00:00,291.83,189.79,185.8,12.73,13.6,1.07,11211.91,80.56,79.93,-0.87,286.0870833
2024-10-21 17:00:00,293.27,189.7,181.87,13.1,13.92,1.06,11418.22,78.7,79.72,-0.82,286.2583333
2024-10-21 18:00:00,293.46,189.18,182.39,12.78,13.8,1.08,11388.14,79.29,0.22,-1.02,286.5229167
2024-10-21 19:00:00,295.09,189.69,179.29,12.43,13.78,1.11,11252.67,78.84,0.22,-1.35,286.79
2024-10-21 20:00:00,295.62,191.64,180.55,12.88,13.95,1.08,11189.98,80.79,79.23,-1.07,287.1195833
2024-10-21 21:00:00,295.59,192.4,179.66,12.7,13.65,1.08,11085.17,83.26,79.95,-0.95,287.6316667
2024-10-21 22:00:00,298.22,189.73,183.5,13.23,14.5,1.1,10939.64,83.14,1.64,-1.27,287.98625
2024-10-21 23:00:00,297.24,182.36,169.56,12.58,14.03,1.12,11264.48,75.12,17.75,-1.45,288.49625
2024-10-22 00:00:00,295.23,177.54,165.44,12.77,13.91,1.09,11287.21,73.2,18.73,-1.14,289.1758333
2024-10-22 01:00:00,295.22,187.85,173.91,12.68,13.71,1.08,11142.24,75.86,80.1,-1.03,289.6170833
2024-10-22 02:00:00,296.01,185.21,168.81,12.1,13.96,1.15,11404.33,71.08,79.52,-1.86,290.0154167
2024-10-22 03:00:00,295.43,189.68,174.6,12.55,13.69,1.09,11256.48,76.94,25.87,-1.14,290.3516667
2024-10-22 04:00:00,296.01,197.23,176.63,12.75,13.95,1.09,10876.08,79.72,0.23,-1.2,290.7195833
2024-10-22 05:00:00,297.49,184.87,174.15,12.77,14.14,1.11,11455.44,77.58,80.82,-1.37,291.1504167
2024-10-22 06:00:00,296.07,196.21,182.02,12.99,13.68,1.05,11258.95,82.78,79.75,-0.69,291.48625
2024-10-22 07:00:00,296.94,185.4,174.92,12.9,14.48,1.12,10863.03,78.97,1.14,-1.58,291.7970833
2024-10-22 08:00:00,292.38,189.11,178.33,12.42,13.69,1.1,10939.11,78.83,0.23,-1.27,292.365
2024-10-22 09:00:00,295.26,191.26,177.94,12.93,14.2,1.1,11198.44,80.69,81.1,-1.27,292.61875
2024-10-22 10:00:00,295.64,191.09,181.01,12.94,13.94,1.08,11161.76,79.93,82.78,-1.0,293.1329167
2024-10-22 11:00:00,294.9,187.27,167.16,11.86,13.31,1.12,11002.68,71.11,88.69,-1.45,293.6345833
2024-10-22 12:00:00,298.21,194.09,176.24,12.74,13.93,1.1,11309.36,82.47,0.22,-1.19,293.9170833
2024-10-22 13:00:00,297.63,185.59,161.48,12.12,13.65,1.13,10864.44,71.88,26.56,-1.53,294.3929167
2024-10-22 14:00:00,294.71,195.17,166.7,12.3,13.2,1.07,11005.32,78.62,79.06,-0.9,294.9525
2024-10-22 15:00:00,296.88,198.64,173.75,12.63,13.58,1.08,10736.86,83.11,169.61,-0.95,295.31875
2024-10-22 16:00:00,287.98,195.53,183.92,12.44,13.39,1.07,10826.85,77.94,0.22,-0.95,295.5970833
2024-10-22 17:00:00,287.61,182.13,184.01,11.96,13.68,1.14,11034.82,72.67,12.48,-1.72,295.4366667
2024-10-22 18:00:00,289.03,189.76,185.6,12.19,13.47,1.11,11118.1,75.34,0.22,-1.28,295.2008333
2024-10-22 19:00:00,283.5,195.28,194.8,12.33,13.0,1.05,10867.63,78.29,79.46,-0.67,295.01625
2024-10-22 20:00:00,278.64,183.4,200.97,11.8,13.38,1.13,11123.57,72.7,98.15,-1.58,294.5333333
2024-10-22 21:00:00,279.86,190.57,197.62,11.68,12.34,1.06,10930.28,75.54,0.22,-0.66,293.8258333
2024-10-22 22:00:00,283.23,196.21,211.08,12.32,13.32,1.08,11071.85,81.72,0.22,-1.0,293.1704167
2024-10-22 23:00:00,284.18,195.64,205.67,12.27,13.72,1.11,11248.05,85.75,78.27,-1.45,292.5458333
2024-10-23 00:00:00,282.56,188.32,189.56,11.38,12.75,1.11,10617.46,71.88,79.93,-1.37,292.0016667
2024-10-23 01:00:00,280.66,203.63,210.23,11.86,13.04,1.1,10990.36,80.3,9.26,-1.18,291.47375
2024-10-23 02:00:00,279.24,190.94,202.31,11.8,13.28,1.13,10920.2,74.48,34.34,-1.48,290.8670833
2024-10-23 03:00:00,280.47,188.62,202.47,11.6,12.95,1.11,10942.73,74.72,12.31,-1.35,290.1683333
2024-10-23 04:00:00,281.95,189.56,196.0,11.87,13.13,1.11,10798.7,76.24,79.07,-1.26,289.545
2024-10-23 05:00:00,278.47,189.51,195.25,11.76,13.05,1.11,10680.09,76.68,78.9,-1.29,288.9591667
2024-10-23 06:00:00,279.82,185.85,199.52,12.14,13.25,1.09,10478.71,78.89,0.23,-1.11,288.1666667
2024-10-23 07:00:00,282.85,196.89,211.81,12.56,13.33,1.07,10698.34,87.58,0.22,-0.77,287.4895833
2024-10-23 08:00:00,283.8,198.99,209.2,12.45,13.27,1.07,10841.92,85.87,77.06,-0.82,286.9025
2024-10-23 09:00:00,285.72,193.7,199.97,12.61,13.6,1.08,10954.54,81.29,155.77,-0.99,286.545
2024-10-23 10:00:00,286.43,194.19,197.42,12.7,13.82,1.09,11015.75,81.65,78.47,-1.12,286.1475
2024-10-23 11:00:00,288.16,187.81,191.1,12.47,14.03,1.12,11234.1,77.85,8.45,-1.56,285.76375
2024-10-23 12:00:00,286.04,202.04,198.47,12.39,13.09,1.06,11289.16,81.4,14.36,-0.7,285.4829167
2024-10-23 13:00:00,281.15,192.5,201.23,11.69,13.39,1.15,11444.97,76.64,86.26,-1.7,284.9758333
2024-10-23 14:00:00,284.34,198.67,203.21,12.41,13.47,1.09,11219.63,82.0,78.76,-1.06,284.2891667
2024-10-23 15:00:00,287.91,200.57,198.32,12.7,13.99,1.1,11366.81,80.85,0.24,-1.29,283.8570833
2024-10-23 16:00:00,287.66,205.71,199.46,12.59,13.51,1.07,11209.49,81.12,0.24,-0.92,283.4833333
2024-10-23 17:00:00,289.6,199.69,197.22,12.62,13.9,1.1,11078.36,81.42,13.85,-1.28,283.47
2024-10-23 18:00:00,288.74,199.57,193.01,12.28,13.43,1.09,11047.0,77.9,79.95,-1.15,283.5529167
2024-10-23 19:00:00,281.18,195.53,208.47,12.23,13.3,1.09,11021.22,78.66,85.79,-1.07,283.5408333
2024-10-23 20:00:00,283.81,200.98,214.54,12.74,13.5,1.06,11083.31,82.66,1.5,-0.76,283.4441667
2024-10-23 21:00:00,286.23,197.4,198.86,11.91,13.25,1.12,11112.65,75.52,0.22,-1.34,283.6595833
2024-10-23 22:00:00,287.57,197.7,195.96,12.44,13.39,1.08,10997.55,79.75,79.91,-0.95,283.925
2024-10-23 23:00:00,290.38,198.34,190.3,12.32,13.62,1.1,11264.63,78.49,79.0,-1.3,284.1058333
2024-10-24 00:00:00,285.08,204.33,194.71,11.62,12.71,1.09,11001.29,78.31,0.23,-1.09,284.3641667
2024-10-24 01:00:00,286.3,197.64,191.74,11.41,12.75,1.12,11019.42,75.58,0.22,-1.34,284.4691667
2024-10-24 02:00:00,292.13,196.66,189.97,12.6,13.84,1.1,11790.4,79.21,0.22,-1.24,284.7041667
2024-10-24 03:00:00,290.58,195.74,184.6,12.32,13.6,1.11,11487.46,77.15,79.94,-1.28,285.24125
2024-10-24 04:00:00,291.51,204.07,186.22,12.54,13.48,1.07,11216.92,79.4,79.63,-0.94,285.6625
2024-10-24 05:00:00,284.23,200.51,202.63,12.49,13.19,1.06,11020.1,83.05,0.22,-0.7,286.0608333
2024-10-24 06:00:00,287.72,189.42,195.97,12.38,13.72,1.1,10961.15,80.39,0.22,-1.34,286.3008333
2024-10-24 07:00:00,289.02,193.09,186.49,12.18,13.61,1.12,11093.09,75.94,84.86,-1.43,286.63
2024-10-24 08:00:00,289.07,194.52,187.7,12.3,13.18,1.07,10893.65,80.03,78.26,-0.88,286.8870833
2024-10-24 09:00:00,290.51,192.64,187.65,12.0,13.18,1.1,11092.59,75.28,8.93,-1.18,287.1066667
2024-10-24 10:00:00,291.88,195.05,185.02,12.5,13.99,1.12,11477.48,77.47,0.24,-1.49,287.30625
2024-10-24 11:00:00,290.84,193.55,180.56,11.95,12.9,1.09,11138.74,72.19,83.25,-0.95,287.5333333
2024-10-24 12:00:00,292.58,198.92,190.31,12.57,13.73,1.09,11367.07,81.5,78.91,-1.16,287.645
2024-10-24 13:00:00,286.8,205.12,196.53,12.05,12.87,1.07,11450.92,81.45,65.21,-0.82,287.9175
2024-10-24 14:00:00,287.2,187.47,184.75,11.29,12.94,1.14,10998.65,71.4,2.57,-1.65,288.1529167
2024-10-24 15:00:00,291.93,200.44,191.82,12.46,14.08,1.13,11660.5,78.76,2.94,-1.62,288.2720833
2024-10-24 16:00:00,292.27,198.63,185.64,12.39,13.49,1.09,11218.87,80.53,79.73,-1.1,288.4395833
2024-10-24 17:00:00,290.58,202.41,189.73,12.31,13.34,1.09,11185.19,80.05,79.95,-1.03,288.6316667
2024-10-24 18:00:00,289.15,204.79,190.56,12.15,13.82,1.13,11138.77,80.19,0.23,-1.67,288.6725
2024-10-24 19:00:00,291.95,197.74,188.94,12.63,13.65,1.08,11109.29,81.11,2.27,-1.02,288.6895833
2024-10-24 20:00:00,295.69,185.08,194.29,13.1,14.5,1.1,11251.66,84.38,85.15,-1.4,289.1383333
2024-10-24 21:00:00,298.96,178.97,192.09,13.75,14.86,1.08,11599.2,84.45,80.57,-1.11,289.6333333
2024-10-24 22:00:00,300.6,178.25,185.31,13.97,15.01,1.08,11398.17,83.79,79.73,-1.04,290.16375
2024-10-24 23:00:00,301.49,180.42,184.05,14.07,15.42,1.11,11919.79,85.42,0.22,-1.35,290.7066667
2024-10-25 00:00:00,302.21,178.86,181.77,14.1,15.34,1.09,11698.33,85.05,0.22,-1.24,291.1695833
2024-10-25 01:00:00,301.7,177.96,182.5,15.06,16.69,1.11,12068.92,85.76,114.64,-1.63,291.8833333
2024-10-25 02:00:00,301.25,180.25,185.13,14.38,15.8,1.1,11672.12,85.22,86.04,-1.42,292.525
2024-10-25 03:00:00,302.15,177.32,188.87,14.73,15.78,1.07,11466.61,85.88,0.23,-1.05,292.905
2024-10-25 04:00:00,302.17,175.6,182.67,14.25,15.53,1.09,11233.68,84.06,0.23,-1.28,293.3870833
2024-10-25 05:00:00,303.26,177.88,180.01,14.78,15.9,1.07,11365.88,85.46,79.35,-1.12,293.83125
2024-10-25 06:00:00,303.5,177.51,180.77,14.7,16.16,1.1,11501.2,84.33,80.48,-1.46,294.6241667
2024-10-25 07:00:00,302.44,176.81,178.72,14.95,15.97,1.07,11242.86,85.77,85.56,-1.02,295.2816667
2024-10-25 08:00:00,302.4,178.09,179.36,14.68,16.09,1.1,11353.18,85.67,30.56,-1.41,295.8408333
2024-10-25 09:00:00,302.79,177.66,178.81,15.07,15.98,1.06,11501.5,85.51,0.23,-0.91,296.39625
2024-10-25 10:00:00,303.25,177.92,177.99,14.94,16.14,1.08,11914.91,85.71,94.27,-1.2,296.9079167
2024-10-25 11:00:00,302.8,180.22,180.62,14.84,16.04,1.08,11593.51,85.22,78.52,-1.2,297.3816667
2024-10-25 12:00:00,303.15,177.75,176.97,14.84,15.94,1.07,11561.57,84.93,63.7,-1.1,297.88
2024-10-25 13:00:00,305.17,179.3,176.52,14.97,16.09,1.08,11350.7,84.89,0.38,-1.12,298.3204167
2024-10-25 14:00:00,305.53,182.24,177.53,14.94,16.03,1.07,11703.67,84.43,27.41,-1.09,299.0858333
2024-10-25 15:00:00,298.19,177.93,184.53,14.55,15.78,1.08,11479.71,85.56,96.3,-1.23,299.8495833
2024-10-25 16:00:00,302.18,180.72,180.11,15.1,16.01,1.06,11597.68,86.61,83.24,-0.91,300.1104167
2024-10-25 17:00:00,301.72,178.79,177.61,15.12,16.16,1.07,11722.92,85.0,0.24,-1.04,300.5233333
2024-10-25 18:00:00,300.74,177.38,179.2,14.81,15.74,1.06,11394.55,84.91,9.14,-0.93,300.9875
2024-10-25 19:00:00,301.96,178.39,180.4,15.01,16.04,1.07,11578.59,85.67,83.95,-1.03,301.4704167
2024-10-25 20:00:00,301.87,177.46,179.16,15.11,16.15,1.07,11548.97,85.55,80.54,-1.04,301.8875
2024-10-25 21:00:00,302.48,179.16,180.43,14.94,16.12,1.08,11407.92,83.78,79.92,-1.18,302.145
2024-10-25 22:00:00,302.27,178.55,179.89,14.88,16.07,1.08,11062.86,84.81,9.71,-1.19,302.2916667
2024-10-25 23:00:00,302.2,177.33,178.56,14.91,16.06,1.08,11370.32,84.98,7.19,-1.15,302.36125
2024-10-26 00:00:00,299.74,178.08,183.56,15.03,15.85,1.06,11503.47,85.89,85.1,-0.82,302.3908333
2024-10-26 01:00:00,300.35,175.46,184.07,14.89,15.99,1.08,11503.94,86.52,80.6,-1.1,302.2879167
2024-10-26 02:00:00,300.08,176.43,184.31,14.46,15.59,1.08,11245.42,85.1,0.23,-1.13,302.2316667
2024-10-26 03:00:00,301.55,179.8,186.96,15.04,16.2,1.08,11306.62,85.23,2.96,-1.16,302.1829167
2024-10-26 04:00:00,300.21,176.25,185.3,14.76,16.0,1.08,11588.07,85.8,85.91,-1.24,302.1579167
2024-10-26 05:00:00,300.27,179.7,189.17,15.22,16.15,1.06,11407.97,86.73,91.48,-0.93,302.07625
2024-10-26 06:00:00,300.06,179.38,189.29,14.92,16.11,1.08,11180.0,84.98,80.93,-1.19,301.9516667
2024-10-26 07:00:00,300.58,179.21,185.9,15.15,16.09,1.06,11287.86,85.07,0.22,-0.94,301.8083333
2024-10-26 08:00:00,301.56,178.74,182.39,15.15,16.08,1.06,11119.91,84.97,19.2,-0.93,301.7308333
2024-10-26 09:00:00,302.32,179.37,182.71,15.0,16.02,1.07,11430.29,85.47,79.8,-1.02,301.6958333
2024-10-26 10:00:00,303.08,180.71,179.84,14.85,15.87,1.07,11048.02,84.49,77.88,-1.02,301.67625
2024-10-26 11:00:00,303.16,178.75,179.76,15.26,15.33,1.02,11296.19,86.31,8.46,-0.07,301.6691667
2024-10-26 12:00:00,302.76,179.46,177.32,14.59,15.77,1.08,11247.8,84.58,1.58,-1.18,301.6841667
2024-10-26 13:00:00,302.38,180.25,179.86,14.96,15.78,1.05,10828.92,84.67,77.08,-0.82,301.6679167
2024-10-26 14:00:00,301.17,178.29,177.0,14.48,15.73,1.08,10768.08,84.98,91.25,-1.25,301.5516667
2024-10-26 15:00:00,300.91,177.81,181.29,14.69,15.76,1.07,10616.82,84.55,70.77,-1.07,301.37
2024-10-26 16:00:00,302.08,178.46,180.68,14.45,15.6,1.08,10575.29,84.53,0.27,-1.15,301.4833333
2024-10-26 17:00:00,302.66,176.13,180.29,14.79,15.9,1.07,10401.74,83.87,16.62,-1.11,301.4791667
2024-10-26 18:00:00,303.78,177.8,178.38,14.71,15.8,1.08,10807.63,83.6,82.22,-1.09,301.5183333
2024-10-26 19:00:00,303.49,178.75,180.66,15.17,16.16,1.07,11029.19,84.19,77.32,-0.99,301.645
2024-10-26 20:00:00,303.69,178.32,179.11,14.87,16.0,1.08,10751.45,83.86,16.75,-1.13,301.70875
2024-10-26 21:00:00,304.34,179.08,179.49,14.85,16.23,1.09,11224.38,84.17,0.23,-1.38,301.7845833
2024-10-26 22:00:00,303.38,179.58,180.18,15.1,16.11,1.06,11363.17,84.86,96.75,-1.01,301.8620833
2024-10-26 23:00:00,301.59,179.93,179.5,15.63,16.69,1.07,11181.09,85.7,80.15,-1.06,301.9083333
2024-10-27 00:00:00,299.97,180.22,183.29,15.18,16.34,1.08,11105.68,85.49,75.28,-1.16,301.8829167
2024-10-27 01:00:00,298.85,179.0,185.95,15.11,16.31,1.08,11083.75,86.07,10.17,-1.2,301.8925
2024-10-27 02:00:00,298.87,179.89,186.75,15.49,16.4,1.06,10986.38,85.08,12.46,-0.91,301.83
2024-10-27 03:00:00,299.15,178.85,188.75,15.23,16.19,1.06,11019.4,85.74,75.4,-0.96,301.7795833
2024-10-27 04:00:00,300.65,178.28,186.09,15.03,16.36,1.09,10981.27,83.85,75.05,-1.33,301.6795833
2024-10-27 05:00:00,302.47,179.61,184.61,15.16,16.33,1.08,11154.15,84.85,0.22,-1.17,301.6979167
2024-10-27 06:00:00,303.84,178.48,185.43,15.0,15.86,1.06,11109.75,84.66,0.23,-0.86,301.7895833
2024-10-27 07:00:00,303.06,178.89,183.96,15.55,16.35,1.05,10901.51,86.44,74.52,-0.8,301.9470833
2024-10-27 08:00:00,303.57,180.11,180.45,15.53,16.63,1.07,11159.93,85.69,75.98,-1.1,302.0504167
2024-10-27 09:00:00,301.57,178.35,176.45,14.73,15.67,1.06,10759.54,84.14,39.3,-0.94,302.1341667
2024-10-27 10:00:00,300.35,177.33,174.76,14.8,15.88,1.07,10646.08,84.15,0.24,-1.08,302.1029167
2024-10-27 11:00:00,300.25,177.92,178.17,14.82,15.92,1.07,10413.65,84.72,0.24,-1.1,301.9891667
2024-10-27 12:00:00,300.71,178.21,178.86,15.19,16.15,1.07,10927.76,85.55,77.51,-0.96,301.8679167
2024-10-27 13:00:00,300.07,177.54,180.57,15.27,16.42,1.07,10865.71,84.91,76.66,-1.15,301.7825
2024-10-27 14:00:00,300.02,179.5,184.51,15.49,16.42,1.06,11041.52,86.67,0.23,-0.93,301.68625
2024-10-27 15:00:00,298.07,176.84,186.86,15.17,16.49,1.09,11186.64,85.6,0.23,-1.32,301.6383333
2024-10-27 16:00:00,297.7,177.46,187.25,15.57,17.04,1.1,10954.32,84.8,100.46,-1.47,301.52
2024-10-27 19:00:00,276.14,173.79,231.16,14.12,15.14,1.07,10894.23,85.46,0.23,-1.02,301.3375
2024-11-14 22:00:00,258.98,132.32,200.72,11.83,11.77,1.0,13106.05,84.75,0.23,0.06,300.2325
2024-11-14 23:00:00,259.0,133.54,213.26,12.14,12.44,1.03,14290.29,85.52,25.31,-0.3,298.3658333
2024-11-15 19:00:00,257.46,135.19,188.04,12.6,12.91,1.02,16992.16,75.07,8.05,-0.31,296.5120833
2024-11-15 20:00:00,256.0,138.15,209.9,12.79,13.33,1.05,15594.53,80.4,11.48,-0.54,294.5858333
2024-11-15 21:00:00,257.3,135.4,207.9,12.27,12.34,1.01,14363.88,79.83,0.23,-0.07,292.5716667
2024-11-15 22:00:00,259.16,136.9,205.16,12.55,10.61,0.84,13133.74,85.68,113.86,1.94,290.6516667
2024-11-15 23:00:00,259.87,135.93,198.18,11.45,13.46,1.14,13175.67,84.63,51.9,-2.01,288.88375
2024-11-16 00:00:00,260.66,135.21,195.29,11.24,17.82,1.59,13575.97,83.41,51.66,-6.58,287.2129167
